{
    "forge_marker": 1,
    "defaults": {
        "model": "crop"
    },
    "variants": {
        "age": {
            "0": {
                "textures": {
                    "crop": "plants:blocks/cave_crops0"
                }
            },
            "1": {
                "textures": {
                    "crop": "plants:blocks/cave_crops1"
                }
            },
            "2": {
                "textures": {
                    "crop": "plants:blocks/cave_crops2"
                }
            },
            "3": {
                "textures": {
                    "crop": "plants:blocks/cave_crops3"
                }
            },
            "4": {
                "textures": {
                    "crop": "plants:blocks/cave_crops4"
                }
            },
            "5": {
                "textures": {
                    "crop": "plants:blocks/cave_crops5"
                }
            },
            "6": {
                "textures": {
                    "crop": "plants:blocks/cave_crops6"
                }
            },
            "7": {
                "textures": {
                    "crop": "plants:blocks/cave_crops7"
                }
            }
        }
    }
}